{"cameraMode":{"drawMode":0,"name":"Shaded","section":"Shading Mode"},"sceneLighting":false,"audioPlay":false,"sceneViewState":{"showFog":true,"showMaterialUpdate":false,"showSkybox":true,"showFlares":true,"showImageEffects":true,"showParticleSystems":true},"in2DMode":false,"pivot":{"x":-5.789464473724365,"y":0.831531286239624,"z":-34.066986083984378},"rotation":{"x":-0.287769615650177,"y":0.0028735992964357139,"z":-0.000862200278788805,"w":-0.957694947719574},"size":56.508724212646487,"orthographic":true}