{"cameraMode":{"drawMode":0,"name":"Shaded","section":"Shading Mode"},"sceneLighting":false,"audioPlay":false,"sceneViewState":{"showFog":true,"showMaterialUpdate":false,"showSkybox":true,"showFlares":true,"showImageEffects":true,"showParticleSystems":true},"in2DMode":false,"pivot":{"x":0.8519999980926514,"y":0.22009862959384919,"z":-19.579999923706056},"rotation":{"x":0.2474943846464157,"y":0.6456531882286072,"z":-0.23378345370292664,"w":0.6835377216339111},"size":1.8979811668395997,"orthographic":true}