{"cameraMode":{"drawMode":0,"name":"Shaded","section":"Shading Mode"},"sceneLighting":true,"audioPlay":false,"sceneViewState":{"showFog":true,"showMaterialUpdate":false,"showSkybox":true,"showFlares":true,"showImageEffects":true,"showParticleSystems":true},"in2DMode":false,"pivot":{"x":-2.3442320823669435,"y":2.401090621948242,"z":43.30181884765625},"rotation":{"x":0.19335542619228364,"y":0.6114846467971802,"z":-0.15744704008102418,"w":0.7509398460388184},"size":27.074865341186525,"orthographic":false}